timestamp,lacc_x,lacc_y,lacc_z
3928466,0,-5,-2
3928476,-2,-6,0
3928486,0,-7,-4
3928496,1,-5,0
3928506,0,-4,-2
3928516,0,-7,0
3928526,0,-4,-2
3928536,0,-4,-3
3928546,0,-6,1
3928556,-2,-5,-4
3928566,1,-5,-1
3928576,0,-7,-3
3928586,0,-5,0
3928596,0,-4,-7
3928606,0,-5,-3
3928616,-1,-5,-4
3928626,0,-5,-2
3928636,0,-6,0
3928646,0,-7,-3
3928656,0,-5,0
3928666,1,-4,-4
3928676,1,-7,-3
3928686,1,-7,-3
3928696,1,-4,-1
3928706,0,-6,-3
3928716,-2,-6,0
3928726,0,-5,-4
3928736,0,-5,-3
3928746,0,-6,-2
3928756,0,-8,-2
3928766,1,-5,-4
3928776,0,-6,-2
3928786,1,-5,-2
3928796,1,-6,-2
3928806,0,-5,-3
3928816,0,-5,-1
3928826,-1,-4,-2
3928836,-2,-5,-1
3928846,0,-3,-2
3928856,0,-3,-1
3928866,0,-5,-2
3928876,-2,-5,-1
3928886,1,-7,0
3928896,0,-3,-2
3928906,0,-4,-3
3928916,-1,-5,-1
3928926,-2,-6,-2
3928936,0,-3,-2
3928946,0,-4,-3
3928956,-1,-3,-4
3928966,0,-4,-3
3928976,0,-5,-3
3928986,0,-4,-1
3928996,1,-7,-3
3929006,0,-5,-3
3929016,-1,-6,-3
3929026,0,-6,-3
3929036,1,-6,-1
3929046,-2,-5,-2
3929056,-2,-6,-4
3929066,-1,-5,-3
3929076,0,-4,-3
3929086,-1,-6,-4
3929096,1,-5,-1
3929106,0,-5,-2
3929116,0,-6,-5
3929126,0,-3,-1
3929136,0,-7,0
3929146,0,-6,-3
3929156,0,-5,-4
3929166,0,-5,-3
3929176,0,-6,0
3929246,1,-5,-3
3929256,0,-4,-3
3929266,0,-7,-3
3929276,0,-6,0
3929286,-1,-5,-1
3929296,0,-4,-1
3929306,-1,-4,-2
3929316,-2,-4,-1
3929326,-1,-4,0
3929336,0,-4,-1
3929346,-1,-4,-1
3929356,0,-3,-3
3929366,-2,-5,-3
3929376,0,-6,-2
3929386,0,-5,-1
3929396,0,-5,0
3929406,0,-6,-5
3929416,0,-3,-1
3929426,-1,-3,-1
3929436,1,-5,-1
3929446,1,-6,-3
3929456,-1,-5,-3
3929466,0,-4,-3
3929476,0,-6,0
3929486,-2,-3,-2
3929496,-1,-5,-2
3929506,-1,-4,-4
3929516,1,-6,-1
3929526,0,-7,-2
3929536,0,-5,-2
3929546,0,-5,-2
3929556,-2,-5,-2
3929566,0,-5,-2
3929576,0,-5,-1
3929586,1,-5,-1
3929596,0,-8,-2
3929606,0,-7,-2
3929616,0,-6,-1
3929626,-1,-5,-1
3929636,1,-4,-1
3929646,-3,-4,-2
3929656,0,-7,-4
3929666,0,-5,-6
3929676,-1,-6,-3
3929686,0,-5,-1
3929696,0,-5,0
3929706,1,-4,-4
3929716,-1,-5,-3
3929726,-1,-5,0
3929736,0,-6,-1
3929746,0,-3,-1
3929756,1,-3,-4
3929766,0,-5,-3
3929776,0,-4,-1
3929786,0,-5,-3
3929796,-1,-6,-3
3929806,2,-3,-4
3929816,0,-5,-2
3929826,0,-7,0
3929836,0,-3,-1
3929846,0,-5,0
3929856,1,-4,-5
3929866,0,-6,-4
3929876,-1,-3,-1
3929886,0,-4,-2
3929896,0,-6,-3
3929966,-1,-4,-3
3929976,0,-7,-1
3929986,-1,-6,-1
3929996,-1,-3,0
3930006,1,-4,-4
3930016,0,-5,-2
3930026,0,-7,-2
3930036,0,-7,-2
3930046,-2,-5,-2
3930056,1,-5,-4
3930066,0,-4,-2
3930076,-2,-6,-2
3930086,-1,-5,-1
3930096,0,-3,0
3930106,1,-6,-2
3930116,-1,-6,-5
3930126,0,-6,1
3930136,-1,-5,0
3930146,0,-6,0
3930156,0,-3,-2
3930166,-2,-4,-2
3930176,-1,-5,-2
3930186,0,-4,0
3930196,0,-6,-1
3930206,0,-5,-4
3930216,0,-5,-4
3930226,-1,-6,-2
3930236,-1,-5,-4
3930246,-1,-5,-4
3930256,0,-4,-2
3930266,0,-5,-1
3930276,-1,-5,0
3930286,0,-4,-3
3930296,0,-5,-1
3930306,0,-5,-2
3930316,0,-4,-4
3930326,0,-5,-3
3930336,0,-4,0
3930346,0,-7,0
3930356,0,-5,-1
3930366,0,-4,-5
3930376,0,-3,-2
3930386,-1,-4,-1
3930396,-1,-4,-3
3930406,0,-5,-3
3930416,-1,-5,-3
3930426,0,-5,-4
3930436,1,-3,0
3930446,0,-5,-1
3930456,0,-4,0
3930466,0,-4,-2
3930476,0,-7,-4
3930486,-1,-2,-4
3930496,1,-4,-1
3930506,0,-5,-3
3930516,0,-5,-2
3930526,0,-7,-1
3930536,0,-6,-1
3930546,1,-3,-1
3930556,0,-5,-3
3930566,0,-7,-3
3930576,1,-6,-2
3930586,0,-5,0
3930596,-1,-5,-2
3930606,0,-7,-1
3930616,-1,-6,-3
3930626,0,-5,-2
3930636,0,-5,-3
3930706,0,-7,-3
3930716,-1,-7,-2
3930726,0,-6,-1
3930736,0,-3,-1
3930746,1,-4,-1
3930756,-1,-4,-2
3930766,0,-6,-4
3930776,0,-7,-2
3930786,-1,-5,0
3930796,-1,-4,-1
3930806,-2,-6,-5
3930816,-1,-7,-4
3930826,0,-3,0
3930836,0,-5,0
3930846,1,-5,-2
3930856,0,-3,-2
3930866,1,-5,-4
3930876,0,-5,-1
3930886,0,-3,-3
3930896,0,-4,0
3930906,-1,-6,-3
3930916,-1,-7,-3
3930926,0,-2,-3
3930936,-1,-6,-4
3930946,0,-5,0
3930956,0,-4,-2
3930966,0,-5,-2
3930976,0,-6,-2
3930986,-1,-4,-3
3930996,-1,-6,0
3931006,0,-4,-2
3931016,0,-5,-4
3931026,-1,-6,-1
3931036,0,-5,-1
3931046,0,-5,-2
3931056,0,-6,0
3931066,0,-6,-4
3931076,0,-7,-2
3931086,0,-6,-2
3931096,-1,-6,-1
3931106,0,-3,-2
3931116,0,-5,-4
3931126,0,-6,-2
3931136,-1,-5,0
3931146,0,-5,-5
3931156,-2,-4,0
3931166,0,-6,-4
3931176,0,-5,-3
3931186,0,-5,-1
3931196,0,-4,-1
3931206,1,-4,-3
3931216,0,-6,-2
3931226,0,-5,-3
3931236,1,-4,-2
3931246,0,-5,-1
3931256,0,-7,-3
3931266,0,-5,-4
3931276,-1,-4,0
3931346,-2,-4,1
3931356,0,-5,-2
3931366,-2,-3,-5
3931376,0,-1,-4
3931386,1,-6,-2
3931396,0,-5,-1
3931406,1,-6,-4
3931416,1,-4,-5
3931426,1,-5,0
3931436,-2,-5,-2
3931446,0,-4,-1
3931456,0,-6,-1
3931466,-3,-4,-3
3931476,0,-5,-2
3931486,0,-3,-2
3931496,0,-4,-2
3931506,-1,-6,-1
3931516,1,-5,-5
3931526,-1,-7,-3
3931536,2,-4,-3
3931546,-1,-6,-3
3931556,0,-4,-2
3931566,1,-3,-3
3931576,-2,-5,-1
3931586,-1,-7,-1
3931596,-1,-6,-2
3931606,0,-5,-2
3931616,-1,-7,0
3931626,0,-6,-3
3931636,0,-6,-1
3931646,1,-5,-4
3931656,0,-7,-1
3931666,1,-4,-2
3931676,-20,-12,-12
3931686,12,-1,0
3931696,-12,-12,-1
3931766,5,-5,-6
3931776,-5,-6,-1
3931786,-2,-1,8
3931796,3,-4,-14
3931806,-3,-4,7
3931816,0,-4,-4
3931826,0,-5,3
3931836,1,-8,-5
3931846,-2,-7,1
3931856,1,-3,-4
3931866,0,-7,-2
3931876,0,-5,-4
3931886,-2,-9,-1
3931896,-14,-7,0
3931906,21,0,-4
3931916,32,2,-4
3931926,33,4,-26
3931936,0,-7,3
3931946,-9,-8,1
3931956,-11,-7,-16
3931966,0,-5,-5
3931976,20,0,0
3931986,-1,-7,-7
3931996,2,-3,-22
3932006,-7,-8,16
3932016,9,-6,-18
3932026,0,-4,0
3932036,0,-3,-8
3932046,-7,-7,3
3932056,-1,-6,-5
3932066,0,-5,-3
3932076,4,-3,-4
3932086,0,-7,0
3932096,0,-6,-2
3932106,-2,-9,-1
3932116,2,-3,-4
3932126,-9,-10,5
3932136,20,6,-4
3932146,17,0,22
3932156,0,0,-23
3932166,9,-2,13
3932176,5,-3,-21
3932186,-4,-6,-18
3932196,-1,-6,0
3932206,-2,-7,0
3932216,0,-4,-6
3932226,-2,-3,11
3932236,9,1,-20
3932246,-10,-11,9
3932256,0,-6,-3
3932266,-2,-7,4
3932276,6,-4,-9
3932286,-1,-5,-3
3932296,1,-4,-6
3932306,-1,-8,3
3932316,2,-5,-6
3932326,0,-5,-1
3932336,0,-6,-6
3932346,-2,-6,0
3932356,0,-4,-1
3932366,1,-5,-3
3932376,2,-4,-2
3932386,-1,-4,0
3932396,-3,-5,-3
3932406,-1,-7,-2
3932416,1,-2,-3
3932426,2,-4,-4
3932436,0,-4,-2
3932446,-2,-3,0
3932456,0,-6,-3
3932466,0,-4,-4
3932476,1,-6,-1
3932486,-1,-4,-4
3932496,0,-5,-2
3932506,-1,-6,-1
3932516,0,-4,-3
3932526,0,-3,-3
3932536,0,-5,-2
3932546,0,-5,-3
3932556,0,-5,0
3932566,0,-5,-3
3932576,-1,-4,0
3932586,1,-5,-2
3932596,1,-5,-2
3932606,0,-5,-5
3932616,0,-5,-5
3932626,-1,-5,-4
3932636,-1,-6,-1
3932646,1,-6,1
3932656,-1,-6,0
3932666,0,-7,0
3932676,2,-6,-3
3932686,-1,-5,-2
3932696,2,-5,-2
3932706,-1,-2,-2
3932716,1,-5,-1
3932726,0,-4,-2
3932736,-2,-5,-2
3932746,-1,-2,-1
3932756,-2,-6,-1
3932766,0,-5,-3
3932776,0,-6,-6
3932786,0,-6,-2
3932796,0,-5,-2
3932806,-1,-7,0
3932816,-1,-4,0
3932826,0,-5,-2
3932836,1,-4,0
3932846,0,-6,-1
3932856,0,-4,-2
3932866,0,-5,-1
3932876,0,-5,-3
3932886,0,-6,0
3932896,0,-4,-2
3932906,0,-4,-1
3932916,-2,-5,-1
3932926,1,-6,-1
3932936,-1,-5,-3
3932946,-1,-6,-1
3932956,0,-7,-2
3932966,-1,-5,-3
3932976,0,-5,-3
3932986,0,-6,-6
3932996,0,-5,-2
3933066,0,-4,-2
3933076,0,-5,-2
3933086,0,-6,-4
3933096,-1,-5,-1
3933106,0,-6,0
3933116,0,-7,0
3933126,-1,-5,-3
3933136,0,-5,-1
3933146,-1,-4,-2
3933156,0,-4,0
3933166,0,-5,-3
3933176,0,-6,-6
3933186,0,-4,-2
3933196,0,-7,-2
3933206,-1,-5,0
3933216,0,-4,-2
3933226,0,-5,-3
3933236,0,-7,-1
3933246,0,-6,-2
3933256,-11,-9,0
3933266,-1,-4,-3
3933276,-18,-11,10
3933286,26,4,3
3933296,6,-1,-37
3933366,0,-6,-13
3933376,0,-4,-23
3933386,-4,-7,12
3933396,-3,-6,-8
3933406,2,-4,-4
3933416,5,-4,-10
3933426,0,-4,0
3933436,-1,-5,-3
3933446,0,-3,-5
3933456,1,-3,-3
3933466,-6,-7,4
3933476,9,3,-10
3933486,17,1,32
3933496,0,-4,-39
3933506,-4,-10,34
3933516,6,-1,-30
3933526,0,-5,-12
3933536,-1,-5,-7
3933546,-4,-4,5
3933556,1,-6,-1
3933566,-2,-7,3
3933576,5,-1,-10
3933586,-12,-9,0
3933596,9,1,-16
3933606,-2,-7,13
3933616,5,-1,-12
3933626,-4,-6,-1
3933636,4,-1,-11
3933646,-18,-8,3
3933656,20,0,-1
3933666,-1,-6,20
3933676,27,2,-44
3933686,-15,-14,41
3933696,16,1,-34
3933766,6,-4,-12
3933776,5,-2,-12
3933786,0,-6,0
3933796,-2,-7,1
3933806,0,-2,-6
3933816,2,-2,-3
3933826,1,-4,-2
3933836,-1,-6,-1
3933846,-1,-5,-1
3933856,-2,-6,-2
3933866,0,-4,0
3933876,-1,-5,-1
3933886,-1,-2,-1
3933896,0,-5,-2
3933906,-1,-7,-1
3933916,0,-5,-4
3933926,0,-4,-2
3933936,-1,-2,-4
3933946,-1,-6,-3
3933956,-2,-4,-2
3933966,-1,-6,-1
3933976,0,-5,-3
3933986,1,-4,-2
3933996,0,-4,-2
3934006,0,-6,-2
3934016,-3,-4,0
3934026,0,-5,-2
3934036,0,-6,-4
3934046,0,-4,-2
3934056,0,-6,-2
3934066,-2,-5,-2
3934076,0,-4,-5
3934086,0,-6,-1
3934096,0,-6,0
3934166,2,-4,0
3934176,0,-5,-2
3934186,0,-5,-2
3934196,0,-3,-2
3934206,0,-5,0
3934216,1,-5,-2
3934226,0,-4,-4
3934236,-1,-5,-2
3934246,0,-5,-3
3934256,-1,-5,0
3934266,0,-5,-2
3934276,0,-1,-2
3934286,0,-4,-2
3934296,0,-5,-2
3934306,0,-6,-2
3934316,-1,-5,-2
3934326,0,-5,-2
3934336,-1,-3,-2
3934346,1,-6,-3
3934356,0,-5,-2
3934366,0,-5,1
3934376,-1,-3,-3
3934386,0,-4,-3
3934396,0,-2,-2
3934406,-1,-3,-2
3934416,0,-5,-2
3934426,2,-6,-5
3934436,-1,-6,-2
3934446,-2,-7,-3
3934456,0,-4,-2
3934466,-1,-6,-1
3934476,0,-6,-5
3934486,-1,-5,-4
3934496,-1,-4,-3
3934506,0,-4,-1
3934516,-1,-5,-3
3934526,1,-4,-4
3934536,0,-5,-4
3934546,0,-5,-1
3934556,0,-5,-2
3934626,-1,-4,-2
3934636,0,-5,-2
3934646,-2,-4,-1
3934656,0,-5,-2
3934666,0,-6,0
3934676,0,-4,-4
3934686,0,-5,-1
3934696,1,-6,0
3934706,0,-4,0
3934716,0,-4,-3
3934726,-1,-5,-4
3934736,0,-4,-3
3934746,0,-6,-3
3934756,-1,-6,-2
3934766,0,-3,-1
3934776,0,-6,-2
3934786,1,-5,-2
3934796,0,-7,-3
3934806,0,-5,-1
3934816,-1,-7,-1
3934826,0,-3,-2
3934836,0,-4,-1
3934846,1,-6,-3
3934856,0,-3,0
3934866,0,-4,-2
3934876,0,-4,-1
3934886,0,-6,-2
3934896,-1,-5,-2
3934907,0,-5,0
3934916,0,-4,-2
3934926,0,-5,-2
3934936,0,-4,-2
3934946,0,-4,-2
3934956,-2,-4,-2
3934966,0,-5,-2
3934976,-1,-6,-2
3934986,0,-4,-3
3934996,0,-5,-1
3935006,0,-3,-1
3935016,-1,-5,-1
3935026,-2,-5,-2
3935036,-2,-4,-2
3935046,-1,-4,-1
3935056,1,-4,-2
3935066,0,-6,-2
3935076,1,-3,0
3935086,-1,-5,-5
3935096,-2,-4,-1
3935106,0,-8,-2
3935116,0,-7,-1
3935127,-4,-8,0
3935136,-4,-8,0
3935147,19,-2,-23
3935156,-2,-10,16
3935166,19,-1,-30
3935176,-22,-15,22
3935186,-3,-6,-8
3935196,-9,-9,14
3935206,9,0,-15
3935216,-10,-5,1
3935226,-10,-7,3
3935236,-7,-7,-4
3935246,-2,-5,-7
3935256,-8,-6,8
3935266,0,-5,1
3935276,-1,-4,-1
3935286,0,-4,-9
3935296,0,-3,-4
3935306,-1,-3,-2
3935316,0,-4,0
3935326,-3,-5,4
3935337,38,3,17
3935346,-34,-22,-6
3935356,23,2,0
3935366,-12,-6,-16
3935376,10,1,-40
3935386,-10,-9,25
3935396,1,-5,-14
3935406,-10,-8,0
3935416,9,0,8
3935426,3,-1,-19
3935436,-4,-10,15
3935446,-7,-7,4
3935456,1,-2,-1
3935466,3,-2,-10
3935476,2,-5,-6
3935487,-1,-4,-1
3935496,-3,-4,0
3935506,2,-2,-5
3935516,3,-4,-1
3935526,-21,-12,0
3935536,-2,-1,2
3935546,3,-3,-16
3935556,16,1,-6
3935566,10,-1,-3
3935576,2,-6,3
3935586,-2,-4,0
3935596,-13,-12,4
3935606,1,-1,-21
3935616,-11,-9,20
3935626,-1,-5,-5
3935636,-12,-8,9
3935646,9,0,-15
3935656,4,-5,1
3935666,4,-3,-7
3935676,-5,-6,5
3935686,0,-4,-8
3935696,0,-6,1
3935706,3,-4,-7
3935716,-2,-6,1
3935726,2,-4,-3
3935736,-1,-6,0
3935746,1,-6,-4
3935756,0,-4,0
3935766,0,-2,-3
3935776,-1,-6,0
3935786,0,-5,-5
3935796,-2,-7,-3
3935806,0,-3,-2
3935816,-1,-4,0
3935826,0,-5,-5
3935836,0,-3,-3
3935846,-1,-5,-1
3935856,0,-4,-1
3935866,0,-2,-1
3935876,0,-7,-2
3935886,0,-5,-2
3935896,-1,-5,-2
3935906,0,-5,-1
3935916,0,-6,-1
3935926,0,-6,0
3935936,0,-3,-4
3935946,-1,-5,-1
3935956,0,-5,-1
3935966,0,-5,0
3935976,0,-4,0
3935986,0,-4,-4
3935996,0,-5,-3
3936006,0,-6,-3
3936016,0,-5,0
3936026,0,-2,-2
3936036,0,-5,-5
3936046,0,-5,-2
3936056,0,-4,0
3936066,0,-5,-1
3936076,0,-7,0
3936086,0,-3,-4
3936096,0,-3,-2
3936106,0,-5,-2
3936116,2,-6,-3
3936126,0,-4,-2
3936136,0,-2,-2
3936146,0,-4,-3
3936156,-1,-6,0
3936166,0,-6,-1
3936176,0,-3,-1
3936186,-1,-5,-4
3936196,0,-5,0
3936206,0,-6,-2
3936216,1,-6,0
3936226,0,-6,-1
3936236,0,-4,-2
3936246,0,-4,-3
3936256,1,-4,-3
3936266,1,-6,-1
3936276,-1,-8,-3
3936286,-1,-6,-3
3936296,-1,-5,-1
3936306,0,-4,-2
3936316,-1,-6,0
3936326,0,-4,-1
3936336,-2,-5,-4
3936346,0,-5,-1
3936356,-1,-5,-2
3936366,0,-5,-3
3936376,0,-3,0
3936386,0,-4,-2
3936396,0,-4,-1
3936486,0,-6,-3
3936496,0,-6,-3
3936506,0,-7,-3
3936516,0,-5,-2
3936526,1,-4,-1
3936536,-1,-4,-1
3936546,1,-6,-3
3936556,0,-5,0
3936566,1,-3,0
3936576,0,-5,-3
3936586,0,-5,-3
3936596,-2,-4,-2
3936606,1,-6,-1
3936616,0,-8,0
3936626,-1,-5,-1
3936636,1,-6,-1
3936646,0,-5,-1
3936656,0,-6,0
3936666,0,-3,-1
3936676,-1,-6,-1
3936686,0,-4,-3
3936696,-1,-3,0
3936706,0,-6,-1
3936716,0,-4,-3
3936786,-1,-5,-4
3936796,0,-5,-3
3936806,-1,-7,-3
3936816,2,-5,-1
3936826,1,-6,-2
3936836,0,-4,-1
3936846,0,-5,-2
3936856,-1,-5,-2
3936866,0,-4,-1
3936876,0,-4,0
3936886,1,-6,-5
3936896,1,-5,-3
3936906,-2,-8,0
3936916,-12,-8,-14
3936926,-5,-5,35
3936936,6,-1,-40
3936946,4,-5,28
3936956,4,-3,10
3936966,-2,-5,-4
3936976,1,-4,-5
3936986,-1,-8,-2
3936996,1,-6,-4
3937006,-6,-9,-4
3937016,8,-1,-6
3937026,4,-3,-11
3937036,-6,-9,-4
3937046,-5,-6,8
3937056,6,0,-15
3937066,5,-1,-4
3937076,2,-4,-5
3937166,10,-1,11
3937176,19,5,-26
3937186,1,-5,-14
3937196,-5,-6,-5
3937206,-5,-7,6
3937216,1,-4,12
3937226,-7,-7,-8
3937236,11,-2,-2
3937246,-12,-9,10
3937256,-10,-8,1
3937266,-4,-5,5
3937276,8,-2,-12
3937286,3,-4,-7
3937296,-1,-7,-4
3937306,-4,-8,2
3937316,1,-6,-2
3937326,-8,-5,-18
3937336,2,-2,38
3937346,0,-4,-44
3937356,0,-5,36
3937366,2,-4,15
3937376,2,-3,-8
3937387,-1,-3,-4
3937396,-1,-3,-4
3937406,-5,-5,-1
3937416,7,-7,7
3937426,2,-1,-21
3937436,11,0,-32
3937446,-7,-10,18
3937456,3,-2,-12
3937466,-3,-7,5
3937476,2,-6,-9
3937486,-1,-6,3
3937496,-1,-5,-1
3937506,-3,-5,3
3937516,-15,-14,-10
3937526,17,1,3
3937536,-5,-9,-4
3937546,4,-2,-19
3937556,-6,-6,14
3937566,9,-2,-15
3937576,-3,-6,2
3937586,7,-2,-2
3937596,-6,-9,0
3937606,7,-3,-4
3937616,-4,-5,4
3937626,3,-1,-8
3937636,-5,-7,5
3937646,0,-6,-2
3937656,-1,-5,4
3937666,0,-3,-4
3937676,-1,-6,0
3937686,1,-5,-1
3937696,0,-3,0
3937708,2,-6,-4
3937716,0,-6,-1
3937726,-5,-6,-2
3937736,-1,-4,-3
3937746,-8,-7,8
3937756,27,4,16
3937766,-1,-4,-12
3937776,12,0,9
3937786,10,-2,-15
3937796,2,-4,-17
3937886,0,-7,2
3937896,0,-5,-7
3937906,0,-6,1
3937916,3,-5,-4
3937926,-2,-7,-1
3937936,0,-5,-3
3937946,0,-5,1
3937956,0,-5,-3
3937966,0,-5,0
3937976,0,-5,0
3937986,0,-4,1
3937996,0,-4,-5
3938006,0,-5,0
3938016,1,-4,-2
3938026,0,-4,-1
3938036,0,-4,-2
3938046,0,-6,-2
3938056,-1,-3,-2
3938066,0,-6,0
3938076,0,-3,1
3938086,0,-6,-1
3938096,0,-4,-2
3938106,0,-4,-2
3938116,0,-4,0
3938126,0,-3,0
3938136,0,-5,-1
3938146,0,-7,-4
3938156,0,-6,-1
3938266,0,-7,-2
3938276,0,-4,0
3938286,1,-5,-2
3938296,0,-5,-2
3938306,0,-4,-2
3938316,1,-5,-1
3938326,0,-4,0
3938336,0,-6,-2
3938346,0,-3,-2
3938356,1,-7,-1
3938366,1,-2,0
3938376,0,-4,-2
3938386,0,-3,-3
3938396,0,-6,0
3938406,0,-5,0
3938416,0,-5,-3
3938426,0,-7,-2
3938436,0,-2,0
3938546,0,-4,-2
3938556,0,-5,-4
3938566,0,-5,-1
3938576,0,-7,-1
3938586,0,-4,-1
3938596,0,-4,-2
3938606,0,-5,-2
3938616,0,-5,-1
3938626,1,-4,0
3938636,0,-4,-1
3938646,0,-4,-3
3938656,0,-6,-2
3938666,0,-6,-1
3938676,-1,-4,-2
3938766,-19,-10,0
3938776,-8,-2,0
3938786,12,-4,3
3938796,20,-2,8
3938806,2,-4,-19
3938816,-3,-8,11
3938826,-6,-3,-8
3938836,-7,-6,-3
3938846,22,-2,1
3938856,1,-6,-12
3938866,4,-6,17
3938876,-15,-10,24
3938886,4,-3,-14
3938896,1,-5,0
3938906,5,-5,-11
3938916,-4,-6,6
3938926,0,-7,-4
3938936,-1,-5,-1
3938946,7,-3,-5
3938956,-1,-5,1
3938966,2,-5,0
3938976,-12,-1,-15
3938986,18,1,13
3938996,6,-4,0
3939006,21,1,-14
3939016,-8,-8,-4
3939026,-1,-6,-4
3939036,-8,-9,6
3939046,6,-3,-9
3939056,1,-1,0
3939066,3,-4,-8
3939076,-5,-6,4
3939086,1,-3,-11
3939096,0,-4,18
3939106,11,-1,-22
3939116,-8,-11,12
3939126,-1,-6,-5
3939136,-3,-8,6
3939146,6,-1,-9
3939156,1,-5,0
3939166,2,-6,-7
3939176,-19,-10,2
3939186,1,-2,-6
3939196,9,-4,0
3939206,-6,-10,0
3939216,7,0,0
3939226,4,-4,-2
3939236,-2,-2,-7
3939246,1,-8,1
3939256,0,-5,-3
3939266,4,-2,0
3939276,-11,-9,10
3939286,1,-5,-9
3939296,-8,-10,2
3939306,6,-2,-7
3939316,-2,-5,5
3939326,-2,-5,5
3939336,3,-2,-3
3939346,0,-5,-1
3939356,3,-3,-4
3939366,-2,-5,8
3939376,-8,-4,-2
3939386,10,0,18
3939396,14,0,-6
3939406,17,-1,-10
3939416,-4,-8,9
3939426,-4,-6,-3
3939436,-7,-7,4
3939446,5,-3,-5
3939456,2,-4,1
3939466,4,-2,-15
3939476,-3,-2,20
3939486,11,1,-20
3939496,0,-5,-5
3939506,0,-6,-6
3939516,-5,-8,7
3939526,-19,-13,9
3939536,-33,-12,-10
3939546,-14,-10,18
3939556,-28,-12,-11
3939566,-8,-1,-22
3939576,6,-3,17
3939586,8,0,-21
3939596,-4,-9,16
3939606,20,-2,-4
3939616,-3,-5,13
3939626,11,-2,-20
3939636,-3,-8,1
3939646,0,-4,-7
3939656,-3,-7,9
3939666,10,-2,-10
3939676,-3,-7,1
3939686,0,-1,-3
3939696,-5,-8,6
3939706,1,-2,-1
3939716,0,-3,2
3939726,1,-4,-5
3939736,0,-5,1
3939826,1,-4,-2
3939836,-1,-5,0
3939846,0,-5,-2
3939856,-1,-3,-1
3939866,0,-4,0
3939876,-1,-4,0
3939886,0,-2,0
3939896,-1,-5,0
3939906,0,-5,-4
3939916,0,-3,-1
3939926,0,-7,-1
3939936,-1,-5,1
3939946,0,-6,-1
3939956,0,-6,0
3939966,1,-5,-1
3939976,1,-5,0
3939986,0,-4,-3
3939996,0,-6,0
3940006,0,-4,-1
3940016,0,-5,1
3940026,0,-5,2
3940036,-2,-7,0
3940046,0,-4,0
3940056,0,-6,0
3940066,1,-3,-2
3940076,1,-4,-1
3940086,0,-4,-2
3940096,1,-6,1
3940106,0,-5,-5
3940116,0,-6,1
3940126,1,-5,0
3940136,-1,-4,1
3940146,0,-5,-2
3940156,0,-7,0
3940166,0,-5,0
3940176,0,-4,0
3940186,-3,-3,0
3940196,0,-5,0
3940206,1,-4,-1
3940216,0,-5,2
3940286,0,-4,0
3940296,0,-5,0
3940306,-1,-7,-3
3940316,1,-5,-1
3940326,1,-5,0
3940336,-1,-5,0
3940346,-1,-4,0
3940356,1,-5,-1
3940366,0,-6,0
3940376,0,-5,0
3940386,2,-6,0
3940396,1,-6,0
3940406,-1,-4,-1
3940416,-1,-6,0
3940426,1,-4,-2
3940436,0,-5,0
3940446,1,-5,0
3940456,0,-5,-2
3940466,0,-4,-1
3940476,0,-5,1
3940486,1,-2,-2
3940496,0,-3,0
3940506,0,-6,0
3940516,0,-6,1
3940526,-1,-4,1
3940536,-1,-4,0
3940546,0,-6,-3
3940556,0,-5,-2
3940566,0,-5,0
3940576,1,-5,0
3940686,-1,-1,-5
3940696,-7,-9,6
3940706,1,-3,-4
3940716,0,-4,0
3940726,0,-6,-3
3940736,0,-5,5
3940746,2,-2,-9
3940756,6,1,-16
3940766,0,-5,9
3940776,0,-6,0
3940786,-6,-6,9
3940796,2,-3,-6
3940806,0,-5,-1
3940816,-1,-4,3
3940826,-2,-5,2
3940836,1,-5,-2
3940906,0,-5,-3
3940916,0,-4,-2
3940926,1,-3,-1
3940936,2,-1,0
3940946,0,-4,0
3940956,0,-3,-1
3940966,0,-6,2
3940976,2,-6,1
3940986,0,-3,0
3940996,0,-4,0
3941006,13,-10,-7
3941016,3,3,13
3941026,-1,-9,-14
3941036,6,1,13
3941046,2,-4,3
3941056,2,-3,-12
3941066,-7,-6,5
3941076,0,-7,3
3941086,4,-6,0
3941096,3,-1,-1
3941106,-1,-7,-6
3941116,7,-1,-12
3941126,-6,-8,12
3941136,5,-3,-1
3941146,0,-4,4
3941156,0,-3,-6
3941166,-1,-6,2
3941176,0,-4,0
3941186,1,-5,0
3941196,2,-3,-3
3941206,1,-4,-3
3941216,0,-5,-1
3941226,-2,-5,3
3941236,-10,-9,-1
3941246,3,0,-7
3941256,-8,-10,-20
3941266,0,-6,12
3941276,-4,-5,-10
3941286,0,-4,7
3941296,-3,-4,2
3941306,1,-5,-2
3941316,0,-1,-3
3941326,5,-7,-5
3941336,-1,-3,14
3941346,10,-2,-16
3941356,-9,-10,9
3941366,-1,-6,-1
3941376,0,-6,5
3941386,3,-5,-7
3941396,-1,-8,4
3941406,1,-4,-2
3941416,-2,-5,3
3941426,2,-5,-1
3941436,1,-6,0
3941446,0,-6,-4
3941456,-10,-8,3
3941466,-20,-13,-10
3941476,3,-3,-15
3941486,30,9,18
3941496,30,9,18
3941506,23,9,-20
3941516,-10,-10,4
3941526,-10,-10,4
3941536,-13,-13,0
3941546,11,-2,-5
3941556,0,-6,6
3941566,1,-4,-14
3941576,-13,-10,9
3941646,3,-5,-4
3941656,2,-4,2
3941666,0,-4,-3
3941676,-1,-3,1
3941686,0,-5,-1
3941696,0,-4,3
3941706,-20,-11,3
3941716,-28,-11,-26
3941726,0,-5,30
3941736,5,-1,1
3941746,-5,-2,-15
3941756,-6,-4,2
3941766,5,-1,-4
3941776,-1,-3,-12
3941786,-1,-7,6
3941796,-2,-5,1
3941806,-4,-6,5
3941817,5,-1,-5
3941826,1,-3,0
3941836,0,-5,4
3941846,-3,-6,5
3941856,-3,-6,-1
3941866,-2,-6,-2
3941876,0,-2,-2
3941886,2,-3,1
3941896,0,-6,1
3941906,-1,-4,-1
3941916,0,-8,-4
3941926,0,-6,0
3941936,0,-4,3
3941946,1,-5,0
3941956,0,-3,0
3941966,-2,-5,-1
3941976,-2,-5,1
3941986,2,-5,0
3941996,0,-2,0
3942006,1,-3,-3
3942016,0,-6,-3
3942026,0,-3,0
3942036,0,-2,0
3942046,0,-3,0
3942056,0,-5,0
3942066,0,-5,-1
3942076,0,-4,1
3942086,0,-3,1
3942096,0,-5,-2
3942166,1,-5,-2
3942176,0,-5,-1
3942186,1,-6,-2
3942196,1,-5,0
3942206,0,-3,0
3942216,0,-5,0
3942226,-2,-5,-1
3942236,0,-6,1
3942246,1,-5,0
3942256,0,-3,1
3942266,-1,-2,-1
3942276,0,-5,0
3942286,2,-4,0
3942296,0,-7,1
3942306,2,-7,1
3942316,-1,-7,0
3942326,0,-5,0
3942336,-1,-4,0
3942346,1,-5,0
3942356,0,-7,0
3942366,2,-5,0
3942376,0,-5,-1
3942386,1,-4,0
3942396,0,-3,0
3942406,0,-5,1
3942416,0,-6,-2
3942426,1,-4,0
3942436,1,-4,0
3942446,-2,-5,0
3942456,0,-6,0
3942466,0,-5,-3
3942476,0,-5,0
3942486,0,-5,0
3942496,1,-4,1
3942506,-1,-2,0
3942516,0,-5,-3
3942526,0,-5,0
3942536,1,-6,0
3942546,2,-8,0
3942556,0,-5,2
3942566,-1,-5,0
3942576,1,-5,0
3942586,0,-4,0
3942596,0,-5,0
3942606,1,-4,0
3942616,1,-6,-1
3942626,1,-5,0
3942636,0,-4,0
3942726,0,-5,0
3942736,0,-5,0
3942746,0,-6,0
3942756,1,-4,0
3942766,0,-6,0
3942776,-1,-6,0
3942786,-1,-5,1
3942796,-1,-6,1
3942806,0,-4,0
3942816,0,-7,0
3942826,0,-5,1
3942836,0,-5,2
3942846,0,-8,0
3942856,0,-4,0
3942866,0,-5,0
3942876,0,-5,1
3942886,0,-7,0
3942896,0,-5,0
3942906,0,-5,1
3942916,0,-4,-4
3942926,1,-7,0
3942936,0,-4,0
3942946,0,-5,1
3942956,-1,-4,-1
3942966,0,-5,-2
3942976,1,-5,0
3942986,0,-4,0
3942996,2,-6,0
3943006,0,-4,2
3943016,1,-4,-3
3943026,0,-6,1
3943036,0,-5,0
3943046,1,-5,1
3943056,0,-5,0
3943066,-1,-5,-1
3943076,1,-4,0
3943086,0,-4,0
3943096,1,-7,0
3943106,1,-5,-2
3943116,0,-6,-3
3943126,0,-5,1
3943136,1,-4,0
3943146,0,-5,2
3943156,1,-5,-1
3943226,0,-5,0
3943236,0,-3,0
3943246,0,-5,3
3943256,0,-5,1
3943266,0,-8,1
3943276,0,-3,0
3943286,0,-5,0
3943296,0,-6,-1
3943306,0,-6,0
3943316,-2,-6,0
3943326,0,-4,0
3943336,-20,-13,3
3943346,-1,0,1
3943356,0,-7,-2
3943366,18,1,5
3943376,3,-4,-10
3943386,2,-4,-12
3943396,-5,-6,3
3943406,-5,-6,-2
3943416,17,0,-2
3943426,5,-5,17
3943436,7,-2,-26
3943446,-9,-9,22
3943456,6,-5,-14
3943466,0,-5,4
3943476,4,-2,-7
3943486,-5,-4,12
3943496,15,5,2
3943506,-19,-13,2
3943516,24,3,4
3943526,6,-1,-21
3943536,4,-3,-25
3943546,-8,-9,14
3943556,-2,-7,-6
3943566,-5,-4,5
3943576,3,-5,-6
3943586,-6,-8,6
3943596,5,-2,-7
3943606,-5,-10,0
3943616,0,-4,-3
3943626,-1,-5,6
3943636,9,-4,-3
3943646,0,-1,1
3943656,1,-5,0
3943666,-1,-4,0
3943676,-1,-4,-3
3943686,0,-3,2
3943696,1,-5,2
3943706,0,-6,1
3943716,1,-7,0
3943726,1,-7,0
3943736,-1,-6,1
3943746,2,-3,0
3943756,0,-5,0
3943766,0,-5,-1
3943776,0,-5,-3
3943786,2,-3,-2
3943796,0,-5,1
3943866,0,-4,0
3943876,0,-6,0
3943886,2,-4,-1
3943896,0,-6,-1
3943906,0,-7,1
3943916,0,-5,-1
3943926,0,-5,-1
3943936,0,-6,0
3943946,0,-5,0
3943956,-1,-5,3
3943966,0,-4,0
3943976,0,-7,1
3943986,0,-4,0
3943996,1,-5,1
3944006,1,-5,1
3944016,0,-5,1
3944026,-1,-4,-3
3944036,0,-6,0
3944046,2,-5,0
3944056,1,-4,0
3944066,0,-4,0
3944076,-2,-5,-3
3944086,0,-4,0
3944096,0,-6,1
3944106,1,-6,0
3944116,0,-4,-1
3944126,2,-6,0
3944136,0,-3,1
3944146,0,-6,0
3944156,0,-5,0
3944166,1,-5,0
3944176,0,-5,-3
3944186,-1,-5,-2
3944196,0,-7,3
3944206,0,-6,3
3944216,0,-6,0
3944226,-1,-6,1
3944236,0,-3,-1
3944246,0,-5,-1
3944256,0,-3,0
3944266,0,-4,-1
3944276,0,-5,-3
3944286,1,-4,1
3944296,0,-4,0
3944306,1,-5,0
3944316,0,-5,-1
3944326,0,-3,-1
3944336,-1,-5,0
3944346,-1,-5,-2
3944356,1,-3,0
3944366,0,-5,1
3944376,0,-6,0
3944386,-1,-4,1
3944396,1,-4,-1
3944406,2,-4,1
3944416,-21,-10,2
3944426,-10,-3,-2
3944436,13,2,5
3944446,28,6,13
3944456,6,-1,-23
3944466,0,-7,26
3944476,-6,-9,13
3944566,7,-2,-9
3944576,0,-7,0
3944586,4,-3,-5
3944596,-3,-5,4
3944606,4,-3,-1
3944616,0,-4,-2
3944626,-14,-12,-15
3944636,21,5,15
3944646,-25,-12,-14
3944656,8,2,-26
3944666,2,-6,33
3944676,9,-1,-28
3944686,-5,-11,10
3944696,4,-3,-5
3944706,0,-8,11
3944716,5,-1,-16
3944726,0,-5,17
3944736,-2,-6,9
3944746,-5,-6,-1
3944756,-1,-3,-3
3944766,2,-6,-3
3944776,1,-5,0
3944786,-3,-5,0
3944796,2,-4,0
3944806,3,-4,-1
3944816,0,-4,-1
3944826,0,-6,-1
3944836,-1,-5,1
3944906,0,-3,0
3944916,0,-4,-1
3944926,0,-3,-1
3944936,-1,-6,0
3944946,0,-7,2
3944956,0,-4,0
3944966,0,-4,-1
3944976,-1,-6,0
3944986,0,-7,0
3944996,0,-5,0
3945006,1,-5,1
3945016,2,-4,-3
3945026,0,-3,-1
3945036,0,-5,-1
3945046,1,-5,-1
3945056,1,-5,3
3945066,0,-9,-1
3945076,0,-6,-1
3945086,0,-3,-1
3945096,-1,-7,-1
3945106,0,-3,0
3945116,1,-5,0
3945126,0,-5,-2
3945136,0,-4,0
3945146,0,-6,0
3945156,0,-5,0
3945166,-1,-5,0
3945176,0,-5,-2
3945186,1,-6,0
3945196,0,-5,-1
3945206,0,-5,2
3945216,1,-6,0
3945226,1,-6,-2
3945236,1,-7,1
3945246,-1,-5,0
3945256,1,-5,0
3945266,1,-4,0
3945276,0,-4,0
3945286,0,-5,1
3945296,0,-6,1
3945306,1,-5,0
3945316,0,-3,-2
3945326,0,-5,-1
3945336,0,-2,-2
3945346,-1,-4,2
3945356,0,-4,0
3945366,-1,-6,0
3945376,0,-5,-1
3945386,0,-6,-1
3945396,0,-8,0
3945406,0,-3,0
3945416,1,-4,0
3945426,0,-5,0
3945436,0,-6,1
3945526,0,-2,-9
3945536,-4,-5,2
3945546,0,-4,2
3945556,6,0,0
3945566,-14,-13,4
3945576,-6,-6,2
3945586,-4,-6,-5
3945596,-1,-11,-25
3945606,7,1,32
3945616,7,0,-26
3945626,5,-7,15
3945636,-6,-5,6
3945646,-3,-5,-2
3945656,-2,-6,3
3945666,0,-5,-3
3945676,-16,-13,0
3945686,28,4,-4
3945696,-23,-15,1
3945706,6,0,-27
3945716,-14,-12,30
3945726,15,0,-26
3945736,-1,-5,6
3945746,13,-1,-17
3945756,-1,-5,16
3945766,4,-4,-7
3945776,-4,-6,4
3945786,2,-4,-6
3945796,-3,-5,-7
3945806,-7,-10,15
3945816,-4,-7,9
3945826,0,-6,-3
3945836,0,-5,-2
3945846,8,-2,-3
3945856,-6,-7,9
3945866,7,-4,-5
3945876,4,-5,0
3945886,-12,-13,-13
3945896,13,3,20
3945906,13,3,20
3945916,6,2,-28
3945926,0,-7,17
3945936,9,0,-11
3945946,0,-5,-1
3945956,0,-5,-1
3945966,0,-6,-5
3945976,-4,-5,5
3946046,1,-4,-1
3946056,-3,-6,2
3946066,1,-6,-2
3946076,1,-4,-1
3946086,1,-5,-4
3946096,0,-5,3
3946106,-1,-5,2
3946116,0,-8,0
3946126,1,-7,-1
3946136,2,-5,1
3946146,0,-5,0
3946156,0,-6,0
3946166,0,-5,-1
3946176,0,-5,0
3946186,1,-4,-2
3946196,0,-6,0
3946206,0,-5,0
3946216,0,-3,0
3946226,0,-4,0
3946236,-2,-6,-2
3946246,0,-4,-1
3946256,0,-5,0
3946266,-2,-5,0
3946276,0,-7,0
3946286,1,-6,-3
3946296,1,-5,0
3946306,0,-5,-1
3946316,0,-4,0
3946326,1,-4,0
3946336,1,-6,-4
3946346,-1,-6,0
3946356,0,-6,0
3946366,0,-6,-2
3946376,1,-3,0
3946386,1,-3,-2
3946396,0,-5,0
3946406,0,-3,1
3946416,0,-6,0
3946426,-1,-5,-3
3946436,2,-5,-1
3946446,0,-4,0
3946456,0,-5,0
3946466,0,-3,-1
3946476,0,-5,0
3946486,0,-8,-1
3946496,0,-4,0
3946506,0,-6,1
3946516,0,-4,0
3946526,2,-6,2
3946536,0,-5,-3
3946546,0,-5,-1
3946556,0,-5,1
3946566,0,-2,0
3946576,0,-6,0
3946586,-1,-5,0
3946596,0,-6,0
3946606,0,-5,1
3946616,0,-4,1
3946626,-1,-5,0
3946636,1,-5,0
3946646,-1,-4,1
3946656,2,-5,0
3946666,1,-4,-1
3946676,1,-4,0
3946686,0,-4,0
3946696,-1,-5,-3
3946706,0,-6,0
3946716,-1,-5,0
3946726,0,-4,-1
3946736,0,-4,-1
3946746,0,-6,-3
3946756,-1,-3,0
3946766,0,-4,2
3946776,0,-3,-1
3946786,0,-7,-2
3946796,1,-6,0
3946806,0,-4,1
3946816,0,-5,4
3946826,2,-5,0
3946836,1,-4,-3
3946846,0,-5,-4
3946856,1,-4,1
3946866,0,-4,0
3946876,0,-3,-1
3946886,2,-4,0
3946896,0,-4,1
3946906,-6,-8,5
3946916,-14,-6,-4
3946926,32,9,4
3946936,30,6,17
3946946,14,0,-35
3946956,-6,-12,38
3946966,9,-1,-32
3946976,-5,-8,0
3946986,6,-2,-17
3946996,-5,-8,14
3947006,2,-7,-10
3947016,-10,-12,31
3947026,9,-1,-34
3947036,-12,-12,25
3947046,4,-3,0
3947056,-24,-3,-10
3947066,34,1,-4
3947076,34,6,-22
3947086,-16,-10,0
3947096,-6,-6,17
3947106,6,-2,-28
3947116,5,-3,-12
3947126,6,-5,-4
3947136,-5,-6,14
3947146,6,-1,-13
3947156,-2,-3,21
3947166,2,-2,-20
3947176,0,-8,13
3947186,2,-4,0
3947196,13,-6,0
3947206,-16,-13,-4
3947216,27,5,9
3947226,3,-6,16
3947236,5,-2,-28
3947246,-7,-10,23
3947256,-3,-7,3
3947266,0,-5,1
3947276,5,-2,-7
3947346,-6,-9,10
3947356,0,-5,-3
3947366,23,2,21
3947376,-21,-16,-15
3947387,5,-3,12
3947396,-4,-3,-15
3947406,6,-2,-14
3947416,-2,-8,5
3947426,-2,-5,1
3947436,12,-2,-1
3947446,-5,-7,7
3947456,-1,-5,-11
3947466,-9,-9,2
3947476,6,-1,-4
3947486,0,-6,5
3947496,4,-4,-5
3947506,-19,-11,6
3947516,3,3,1
3947526,-40,-17,18
3947536,28,6,-16
3947546,-5,-4,16
3947556,10,1,-26
3947566,-12,-9,16
3947576,3,-8,2
3947586,-11,-14,33
3947596,12,-2,-28
3947606,-12,-11,14
3947616,4,-3,-14
3947626,-6,-7,16
3947636,5,-1,-11
3947646,3,-5,-1
3947656,3,-7,-9
3947666,-6,-10,6
3947676,2,-5,-1
3947686,0,-4,-7
3947696,2,-4,-4
3947706,0,-5,1
3947716,-1,-7,1
3947726,0,-4,1
3947736,3,-3,-3
3947746,0,-4,1
3947756,-2,-4,2
3947766,-1,-6,3
3947776,0,-5,-2
3947786,2,-6,-3
3947796,1,-6,-1
3947806,0,-6,0
3947816,2,-5,-1
3947826,1,-5,-1
3947836,0,-3,-2
3947846,0,-4,0
3947856,-1,-3,2
3947866,0,-7,0
3947876,0,-4,-1
3947966,0,-5,-1
3947976,0,-6,-1
3947986,0,-6,0
3947996,-1,-4,0
3948006,-1,-6,-1
3948016,1,-3,2
3948026,0,-6,1
3948036,0,-5,0
3948046,0,-6,-1
3948056,2,-6,0
3948066,0,-5,0
3948076,0,-5,1
3948086,0,-3,-2
3948096,-1,-4,0
3948106,-1,-4,0
3948116,0,-4,1
3948126,0,-6,2
3948136,2,-7,0
3948146,2,-6,-2
3948156,0,-6,0
3948166,1,-6,0
3948176,0,-6,0
3948186,-1,-4,-1
3948196,-1,-4,-3
3948206,0,-6,0
3948216,0,-4,0
3948226,0,-4,0
3948236,0,-3,0
3948246,1,-6,-1
3948256,-1,-4,-2
3948266,-1,-4,-1
3948276,0,-4,0
3948286,1,-6,-1
3948296,1,-5,-1
3948306,0,-4,-1
3948316,0,-4,-2
3948326,3,-5,1
3948336,0,-5,0
3948346,-1,-4,0
3948356,0,-6,1
3948366,-1,-7,1
3948376,0,-5,0
3948386,1,-8,-1
3948396,0,-4,-1
3948406,1,-6,1
3948416,0,-7,0
3948426,0,-5,0
3948436,-1,-6,2
3948446,-1,-4,-2
3948456,0,-7,0
3948466,0,-3,-1
3948476,-7,-7,0
3948486,9,0,7
3948496,11,-5,-9
3948506,24,3,10
3948516,16,-4,-16
3948526,0,-8,-9
3948537,-8,-7,1
3948546,-4,-5,-1
3948556,3,-5,-2
3948566,-7,-9,6
3948576,6,-2,-14
3948586,-18,-13,19
3948596,-1,-3,-13
3948606,-19,-6,5
3948616,2,-2,-22
3948626,9,-2,23
3948636,6,-8,-4
3948646,-6,-7,11
3948656,-6,-7,-7
3948666,0,-4,0
3948676,1,-5,-6
3948686,3,-5,4
3948696,1,-7,-4
3948706,7,1,-11
3948716,-6,-7,14
3948726,-4,-10,-4
3948736,-7,-7,2
3948746,7,-4,-5
3948756,3,-4,5
3948766,2,-2,0
3948776,-1,-6,1
3948786,2,-6,-3
3948796,0,-2,-2
3948806,1,-6,0
3948816,-1,-5,0
3948826,0,-5,0
3948836,0,-4,1
3948846,2,-3,0
3948856,1,-5,1
3948866,1,-5,0
3948876,0,-7,-1
3948886,0,-4,-3
3948896,0,-6,-1
3948906,1,-3,0
3948916,0,-6,0
3948926,1,-5,1
3948936,0,-4,0
3948946,2,-5,-1
3948956,1,-4,1
3948966,0,-5,0
3948976,0,-2,0
3948986,0,-4,0
3948996,0,-6,1
3949006,0,-5,0
3949016,0,-5,2
3949026,0,-6,1
3949036,0,-6,0
3949046,0,-4,-1
3949056,-1,-5,-1
3949066,0,-7,1
3949076,-1,-6,1
3949086,0,-6,-1
3949096,0,-7,-1
3949106,1,-3,-1
3949116,2,-3,1
3949126,0,-5,1
3949136,0,-4,-1
3949146,0,-6,-2
3949156,0,-4,0
3949166,0,-6,-1
3949176,-2,-7,0
3949246,0,-4,-4
3949256,1,-5,-1
3949266,0,-5,0
3949276,0,-4,0
3949286,0,-7,-1
3949296,1,-6,-1
3949306,0,-5,0
3949316,0,-5,1
3949326,0,-4,1
3949336,-1,-5,0
3949346,1,-2,0
3949356,-1,-5,0
3949366,1,-3,-1
3949376,0,-5,0
3949386,0,-3,-1
3949396,0,-5,-1
3949406,1,-2,-1
3949416,0,-6,1
3949426,1,-5,1
3949436,0,-4,0
3949446,2,-6,-2
3949456,0,-5,-2
3949466,1,-5,0
3949476,0,-4,0
3949486,-1,-4,0
3949496,0,-5,-1
3949506,0,-5,1
3949516,0,-4,0
3949526,0,-4,1
3949536,-2,-5,-1
3949546,0,-5,1
3949556,0,-5,0
3949566,0,-6,2
3949576,0,-3,1
3949586,1,-6,0
3949596,0,-4,-1
3949606,1,-5,-3
3949616,0,-4,-1
3949626,0,-6,0
3949636,0,-4,1
3949646,0,-4,0
3949656,1,-7,0
3949666,0,-4,-1
3949676,-1,-7,0
3949686,-1,-3,0
3949696,2,-4,-1
3949706,-1,-7,-1
3949716,-21,-5,-14
3949726,18,1,15
3949736,-39,-18,8
3949746,19,3,-5
3949756,0,-5,25
3949766,15,1,-28
3949776,-9,-9,20
3949786,-11,0,-24
3949796,28,1,24
3949806,-3,-13,-7
3949816,19,2,10
3949826,-10,-11,26
3949836,0,-2,-27
3949846,-7,-8,20
3949856,10,0,-3
3949866,0,-5,17
3949876,9,-2,-16
3949886,-8,-11,9
3949896,3,-6,-8
3949906,-2,-7,7
3949916,6,-2,-7
3949986,-2,-8,2
3949996,0,-6,-2
3950006,1,-5,1
3950016,3,-2,-1
3950026,0,-6,-1
3950036,1,-5,-2
3950046,-1,-2,0
3950056,0,-5,0
3950066,0,-5,0
3950076,1,-5,0
3950086,0,-6,0
3950096,0,-5,-1
3950106,-1,-5,1
3950116,0,-4,0
3950126,0,-6,0
3950136,0,-4,-1
3950146,-1,-7,-1
3950156,0,-7,0
3950166,0,-5,-1
3950176,0,-6,1
3950186,0,-5,1
3950196,0,-5,0
3950206,1,-3,0
3950216,-1,-6,1
3950226,0,-3,1
3950236,1,-7,-4
3950246,0,-7,1
3950256,0,-5,-2
3950266,0,-4,-1
3950276,0,-5,1
3950286,0,-2,-1
3950296,0,-6,-1
3950306,0,-6,0
3950316,2,-5,0
3950326,2,-3,2
3950336,0,-4,0
3950346,0,-5,0
3950356,0,-5,0
3950366,0,-7,-4
3950376,2,-4,0
3950386,-1,-4,0
3950396,-1,-5,2
3950406,0,-8,-3
3950416,1,-7,-2
3950426,3,-6,1
3950436,1,-4,1
3950446,0,-4,0
3950456,0,-5,-1
3950466,1,-5,0
3950476,0,-5,2
3950486,1,-5,0
3950496,1,-6,-1
3950506,0,-4,-1
3950516,2,-6,0
3950526,1,-4,-1
3950536,0,-4,0
3950546,-1,-4,0
3950556,0,-7,-2
3950566,0,-3,0
3950576,0,-5,0
3950586,1,-4,0
3950596,-1,-4,0
3950606,1,-4,-1
3950616,-1,-5,-1
3950626,0,-6,0
3950636,0,-3,0
3950646,2,-5,1
3950656,0,-3,-1
3950726,0,-4,1
3950736,2,-7,-2
3950746,2,-4,0
3950756,0,-4,0
3950766,-2,-7,1
3950776,0,-4,0
3950786,0,-4,2
3950796,0,-4,0
3950806,-1,-6,-1
3950816,-2,-4,-2
3950826,1,-5,1
3950836,0,-5,2
3950846,0,-7,0
3950856,0,-6,-2
3950866,1,-6,0
3950876,0,-4,0
3950886,0,-4,0
3950896,2,-4,0
3950906,0,-5,-1
3950916,-2,-6,1
3950926,0,-2,0
3950936,0,-5,0
3950946,1,-6,0
3950956,0,-6,-3
3950966,0,-6,0
3950976,0,-4,1
3950986,1,-5,1
3950996,0,-6,1
3951006,0,-4,-1
3951016,1,-3,-1
3951026,1,-5,-2
3951036,1,-5,0
3951046,0,-5,1
3951056,1,-5,-2
3951066,0,-3,-1
3951076,-2,-5,0
3951086,1,-6,0
3951096,-1,-5,0
3951106,0,-4,-1
3951116,0,-4,-3
3951126,0,-3,2
3951136,0,-5,0
3951146,0,-6,1
3951156,0,-5,-2
3951166,0,-6,0
3951176,0,-6,1
3951186,0,-6,2
3951196,1,-5,0
3951206,1,-5,0
3951216,0,-5,-2
3951226,-1,-5,1
3951236,2,-4,-1
3951246,-1,-5,-1
3951256,0,-5,-3
3951266,1,-6,0
3951276,0,-6,-1
3951286,-1,-5,0
3951296,0,-5,1
3951306,0,-5,0
3951316,0,-5,-2
3951326,1,-4,-3
3951336,1,-4,1
3951346,1,-5,-1
3951356,-1,-6,-1
3951366,1,-4,0
3951376,0,-7,-1
3951386,0,-3,0
3951396,0,-4,-1
3951406,0,-4,0
3951416,0,-2,-1
3951426,3,-6,-1
3951436,0,-6,0
3951446,0,-6,1
3951456,0,-3,-2
3951466,0,-3,1
3951476,-1,-4,1
3951486,-1,-5,0
3951496,1,-7,1
3951506,0,-6,-4
3951516,1,-4,0
3951526,0,-3,0
3951536,1,-4,-1
3951546,-1,-5,0
3951556,0,-5,0
3951566,1,-4,0
3951576,0,-6,0
3951586,0,-4,0
3951596,2,-5,0
3951606,0,-6,0
3951616,-2,-3,0
3951626,0,-6,0
3951636,1,-3,1
3951646,0,-6,1
3951656,0,-4,0
3951666,0,-3,-1
3951676,0,-4,-1
3951686,0,-6,2
3951696,0,-5,0
3951706,-2,-6,0
3951716,-1,-6,0
3951786,0,-4,1
3951796,0,-5,0
3951806,1,-5,-1
3951816,1,-6,1
3951826,1,-5,0
3951836,0,-3,-1
3951846,0,-6,0
3951856,0,-3,-1
3951866,0,-7,0
3951876,0,-3,2
3951886,0,-5,0
3951896,1,-3,0
3951906,0,-4,0
3951916,0,-4,0
3951926,3,-6,0
3951936,0,-5,0
3951946,0,-4,0
3951956,0,-5,0
3951966,0,-5,0
3951976,2,-4,1
3951986,-1,-5,-3
3951996,0,-5,0
3952006,0,-4,-3
3952016,0,-3,0
3952026,1,-3,0
3952036,0,-5,1
3952046,-1,-2,0
3952056,1,-6,0
3952066,3,-6,-30
3952076,16,-3,31
3952086,0,-6,-13
3952096,-10,-10,0
3952106,-5,-5,1
3952116,0,-3,-6
3952126,-3,-5,6
3952136,0,-4,3
3952146,0,-6,3
3952156,-9,-8,-3
3952166,13,0,-2
3952176,3,-4,-1
3952186,-2,-5,-1
3952196,-41,-13,-2
3952206,-25,-22,11
3952216,18,-3,1
3952226,-4,-4,-21
3952236,-11,-8,31
3952246,-8,-10,15
3952256,-1,-5,-3
3952266,8,-1,-8
3952276,4,-1,-12
3952286,0,-7,-4
3952296,-5,-3,20
3952306,11,0,-23
3952316,0,-4,-1
3952326,0,-6,-6
3952336,-5,-9,11
3952346,5,-5,-7
3952356,0,-3,-1
3952366,4,-3,-5
3952376,-2,-6,5
3952386,0,-3,0
3952396,-2,-6,2
3952406,2,-4,-4
3952416,-1,-5,4
3952426,1,-4,0
3952436,-1,-6,1
3952446,0,-3,0
3952456,0,-6,0
3952466,0,-4,0
3952476,0,-4,1
3952486,3,-4,0
3952496,3,-4,0
3952506,0,-6,0
3952516,0,-5,-3
3952526,0,-6,0
3952536,1,-4,0
3952546,-1,-2,4
3952556,1,-6,0
3952566,1,-5,0
3952576,-1,-3,1
3952586,0,-5,0
3952596,0,-4,1
3952606,0,-2,-2
3952616,1,-5,0
3952626,-1,-6,0
3952636,-1,-3,0
3952706,0,-5,1
3952716,0,-5,-1
3952726,0,-6,1
3952736,1,-5,1
3952746,1,-6,0
3952756,1,-3,0
3952766,0,-5,-3
3952776,0,-4,-1
3952786,0,-5,1
3952796,-1,-6,0
3952806,0,-5,-2
3952816,1,-5,-1
3952826,1,-4,1
3952836,2,-4,0
3952846,0,-6,0
3952856,0,-5,0
3952866,1,-5,-1
3952876,0,-5,0
3952886,-1,-6,2
3952896,1,-5,1
3952906,0,-5,1
3952916,-1,-5,-3
3952926,0,-4,0
3952936,-1,-3,0
3952946,0,-4,0
3952956,0,-7,0
3952966,0,-7,0
3952976,0,-5,-1
3952986,0,-6,2
3952996,0,-6,-1
3953006,0,-3,1
3953016,1,-4,-1
3953026,2,-5,0
3953036,0,-6,2
3953046,0,-5,1
3953056,-7,-4,4
3953066,34,3,-12
3953076,13,-6,2
3953086,23,0,-37
3953096,-10,-12,28
3953106,0,-6,-18
3953116,-4,-10,17
3953126,-10,-8,-19
3953136,11,6,9
3953146,0,-6,-8
3953156,21,3,-38
3953166,-12,-13,30
3953176,0,-7,-17
3953186,0,-6,14
3953196,-1,-5,-18
3953266,-1,-6,-1
3953276,2,-5,-1
3953286,-3,-3,2
3953296,0,-3,0
3953306,0,-5,1
3953316,0,-5,-1
3953326,0,-8,-1
3953336,0,-4,0
3953346,1,-5,0
3953356,0,-5,-1
3953366,0,-4,0
3953376,0,-6,-1
3953386,-2,-7,1
3953396,0,-3,2
3953406,1,-4,0
3953416,2,-7,-1
3953426,-1,-6,0
3953436,2,-5,1
3953446,0,-4,2
3953456,0,-5,0
3953466,0,-4,0
3953476,0,-5,2
3953486,1,-4,0
3953496,3,-5,-3
3953506,1,-5,-1
3953516,0,-5,0
3953526,-2,-7,0
3953536,0,-6,-1
3953546,0,-4,0
3953556,2,-4,0
3953566,1,-4,0
3953576,0,-4,2
3953586,2,-2,2
3953596,2,-6,0
3953606,0,-4,-1
3953616,-3,-5,-2
3953626,0,-6,1
3953636,0,-6,-2
3953646,1,-5,-1
3953656,0,-4,0
3953666,0,-3,0
3953676,0,-4,0
3953686,-2,-5,2
3953696,0,-4,0
3953706,0,-5,2
3953716,0,-5,-3
3953726,-1,-3,-1
3953736,-1,-5,2
3953746,0,-5,-1
3953756,1,-5,0
3953766,0,-7,-2
3953776,0,-4,-1
3953786,0,-5,1
3953796,0,-7,2
3953806,0,-4,0
3953816,0,-4,-2
3953826,1,-4,-1
3953836,0,-5,-2
3953846,0,-3,2
3953856,0,-6,-1
3953866,-1,-5,0
3953876,0,-4,0
3953886,-1,-4,0
3953896,0,-2,0
3953906,0,-4,-1
3953916,0,-4,0
3953926,0,-5,0
3953936,0,-7,1
3953946,0,-4,0
3953956,0,-6,2
3953966,0,-4,-1
3953976,1,-4,0
3953986,0,-3,1
3953996,0,-5,0
3954006,0,-5,0
3954016,0,-4,0
3954026,0,-8,0
3954036,0,-4,-1
3954106,0,-5,0
3954116,1,-5,-1
3954126,1,-5,2
3954136,2,-4,0
3954146,-1,-5,0
3954156,0,-5,-2
3954166,-1,-4,-2
3954176,0,-4,0
3954186,1,-9,0
3954196,1,-4,0
3954206,0,-4,-1
3954216,-1,-3,-1
3954226,0,-5,1
3954236,3,-4,-23
3954246,13,-1,19
3954256,-12,-15,7
3954266,-17,-14,9
3954276,-5,-5,0
3954286,3,-3,-12
3954296,-11,-8,6
3954306,-1,-6,-1
3954316,10,-2,4
3954326,1,-5,-11
3954336,11,9,-21
3954346,-18,-13,13
3954356,28,9,12
3954366,18,3,-30
3954376,0,-5,-26
3954386,-12,-11,9
3954396,-11,-8,8
3954406,5,-4,-13
3954416,4,-5,-7
3954426,13,-2,-6
3954436,-10,-12,6
3954446,-4,-6,0
3954456,-12,-7,14
3954466,19,0,-14
3954476,-13,-8,-10
3954486,8,-1,-47
3954496,-12,-10,46
3954506,10,2,-30
3954516,0,-5,-2
3954526,7,0,-8
3954536,-3,-6,5
3954546,4,-2,-4
3954556,-3,-6,4
3954566,5,-2,-3
3954576,-9,-6,-3
3954586,10,-1,8
3954596,-2,-7,27
3954606,15,0,-28
3954616,-6,-10,19
3954626,0,-6,-6
3954636,-5,-5,12
3954646,3,-3,-7
3954656,0,-7,5
3954666,5,-3,-7
3954676,-3,-5,5
3954686,3,-3,-3
3954696,0,-4,2
3954706,1,-6,-3
3954716,-3,-4,4
3954726,1,-5,-2
3954736,1,-5,-2
3954746,-1,-5,3
3954756,3,-6,1
3954766,3,-6,1
3954776,-1,-5,-2
3954786,0,-6,2
3954796,0,-4,-2
3954806,0,-6,0
3954816,3,-5,-1
3954826,-1,-5,-3
3954836,-1,-5,-1
3954906,1,-5,2
3954916,0,-5,0
3954926,2,-4,-3
3954936,2,-4,0
3954946,0,-6,1
3954956,0,-5,0
3954966,1,-4,0
3954976,0,-6,-2
3954986,0,-9,-1
3954996,0,-4,0
3955006,-1,-4,0
3955016,0,-2,0
3955026,0,-6,-1
3955036,0,-4,1
3955046,1,-4,1
3955056,0,-3,0
3955066,0,-6,0
3955076,0,-4,0
3955086,0,-3,2
3955096,0,-4,1
3955106,0,-5,0
3955116,0,-3,1
3955126,1,-5,0
3955136,0,-6,0
3955146,0,-3,-3
3955156,1,-5,-3
3955166,0,-2,2
3955176,0,-4,-4
3955186,0,-3,-1
3955196,0,-1,1
3955206,0,-5,0
3955216,-1,-5,-2
3955226,0,-6,-2
3955236,-1,-4,2
3955246,0,-4,0
3955256,-1,-6,1
3955266,0,-2,0
3955276,2,-5,-2
3955286,0,-4,-1
3955296,0,-5,0
3955306,0,-5,1
3955316,0,-3,-1
3955326,0,-5,-2
3955336,0,-5,0
3955346,1,-4,2
3955356,1,-6,-1
3955366,0,-5,0
3955376,0,-4,-2
3955386,0,-3,0
3955396,0,-3,-2
3955406,-1,-3,1
3955416,0,-3,0
3955426,0,-3,-1
3955436,0,-3,1
3955446,0,-3,2
3955456,0,-5,0
3955466,1,-3,0
3955476,-1,-4,-1
3955486,1,-3,0
3955496,1,-3,2
3955506,0,-3,-1
3955516,0,-6,0
3955526,-2,-5,0
3955536,0,-4,1
3955546,-1,-5,1
3955556,1,-3,2
3955566,0,-2,0
3955576,0,-2,0
3955586,0,-2,1
3955596,0,-3,0
3955606,0,-4,0
3955616,0,-5,-1
3955626,0,-4,-1
3955636,0,-7,0
3955646,0,-2,0
3955656,0,-5,0
3955666,-1,-5,0
3955676,2,-6,-1
3955686,0,-4,0
3955696,-2,-3,0
3955706,-1,-5,1
3955716,1,-7,0
3955726,-1,-3,1
3955736,0,-4,0
3955746,0,-5,0
3955756,0,-5,0
3955766,0,-4,0
3955776,0,-4,-1
3955786,2,-5,0
3955796,2,-3,0
3955866,0,-4,-1
3955876,1,-2,-2
3955886,-1,-2,1
3955896,0,-3,0
3955906,2,-4,0
3955916,0,-3,0
3955926,1,-2,0
3955936,-1,-5,1
3955946,0,-3,2
3955956,1,-3,1
3955966,4,-2,-5
3955976,28,0,-10
3955986,-2,-5,11
3955996,14,-1,0
3956006,-11,-11,17
3956016,1,-5,-8
3956026,-5,-4,3
3956036,-2,-4,4
3956046,-1,-6,6
3956056,4,-4,-4
3956066,0,-5,-1
3956076,-6,-7,-2
3956086,9,0,0
3956096,-7,-5,1
3956106,1,-4,6
3956116,-16,-9,10
3956126,1,-9,-28
3956136,11,2,26
3956146,7,-4,5
3956156,0,-3,-4
3956166,-8,-6,9
3956176,-1,-5,-9
3956186,5,-1,-1
3956196,1,-2,-1
3956206,2,-2,6
3956216,0,-6,-2
3956226,1,-4,-9
3956236,-1,-3,18
3956246,6,-3,-12
3956256,-3,-5,-1
3956266,0,-2,-3
3956276,-4,-4,2
3956286,-15,-9,4
3956296,-18,-2,13
3956306,-23,-9,5
3956316,10,3,-6
3956326,0,-2,0
3956336,7,0,-10
3956346,-5,-7,10
3956356,4,-1,-3
3956366,-1,-5,5
3956376,1,-2,-7
3956386,-16,-10,3
3956396,16,-2,10
3956406,7,-2,27
3956416,9,0,-30
3956426,-4,-7,28
3956436,-11,-12,9
3956446,0,-5,-12
3956456,20,0,13
3956466,6,0,7
3956476,0,-5,3
3956486,-8,-12,3
3956496,0,-3,-14
3956506,0,-2,5
3956516,6,0,-10
3956526,-6,-6,11
3956536,0,-3,1
3956606,-22,-6,-3
3956616,6,-4,-17
3956626,33,3,37
3956636,28,3,-45
3956646,-6,-10,45
3956656,-9,-10,8
3956666,-9,-7,7
3956676,20,0,-12
3956686,-1,-7,27
3956696,8,-1,-30
3956706,-18,-11,30
3956716,2,-4,-9
3956726,-1,-4,12
3956736,7,0,-11
3956746,-3,-8,10
3956756,-3,-4,-1
3956766,-4,-5,8
3956776,7,-2,-3
3956786,0,-2,4
3956796,0,-4,-3
3956806,-3,-5,4
3956816,0,-3,1
3956826,0,-5,2
3956836,2,-1,0
3956846,-2,-3,1
3956856,-1,-5,2
3956866,-1,-5,2
3956876,4,-2,0
3956886,1,-2,0
3956896,1,-3,0
3956906,-2,-5,0
3956916,-1,-4,-1
3956926,0,-4,2
3956936,0,-6,2
3956946,-1,-5,5
3956956,-2,-6,4
3956966,-1,-4,2
3956976,1,-5,-2
3956986,1,-5,-2
3956996,2,-5,0
3957006,1,-5,1
3957016,1,-3,1
3957026,-1,-6,0
3957036,0,-4,1
3957046,0,-4,0
3957056,0,-3,2
3957066,0,-5,2
3957076,0,-4,1
3957086,2,-3,0
3957096,0,-2,1
3957106,2,-4,1
3957116,1,-4,5
3957126,0,-3,2
3957136,0,-4,1
3957146,2,-5,1
3957156,0,-3,0
3957166,-1,-3,2
3957176,1,-4,1
3957186,0,-3,0
3957196,1,-5,0
3957206,-1,-3,2
3957216,0,-3,1
3957226,0,-3,2
3957236,0,-2,0
3957246,0,-2,1
3957256,0,-3,1
3957266,1,-5,3
3957276,0,-4,0
3957286,0,-5,2
3957296,1,-4,4
3957306,-1,-4,4
3957316,1,-2,1
3957326,0,-3,0
3957336,0,-5,0
3957346,0,-3,0
3957356,0,-4,0
3957366,1,-4,0
3957376,0,-2,4
3957387,2,-5,0
3957396,0,-3,1
3957406,0,-3,0
3957416,1,-4,0
3957426,0,-5,0
3957436,-2,-6,0
3957446,-1,-2,0
3957456,0,-3,1
3957466,0,-4,1
3957476,0,-4,1
3957486,1,-3,3
3957496,1,-4,1
3957506,0,-3,3
3957516,-1,-5,1
3957526,0,-7,0
3957536,0,-3,-1
3957546,0,-4,1
3957556,0,-5,1
3957566,0,-3,1
3957576,2,-4,0
3957586,0,-4,1
3957596,0,-5,1
3957606,0,-2,2
3957616,0,-4,1
3957626,0,-3,1
3957636,-28,-16,1
3957646,19,6,10
3957656,-11,-10,-23
3957666,-1,-5,46
3957676,-9,-12,44
3957686,9,-1,-22
3957696,1,-4,0
3957706,6,0,-12
3957716,-3,-5,4
3957726,0,-4,2
3957736,3,-3,-8
3957806,-6,-5,4
3957816,3,-4,0
3957826,3,-5,3
3957836,2,-4,-8
3957846,0,-3,1
3957856,-1,-5,1
3957866,-6,-6,3
3957876,20,0,0
3957886,0,-5,-3
3957896,-3,-7,-2
3957906,-6,-5,11
3957916,8,-2,-6
3957926,4,-2,0
3957936,0,-3,-2
3957946,-5,-6,3
3957956,0,-7,4
3957966,1,-4,4
3957976,3,-3,0
3957986,0,-5,2
3957996,-4,-5,9
3958006,23,1,-16
3958016,19,0,18
3958026,3,-7,16
3958036,-7,-12,21
3958046,-2,-7,-5
3958056,-2,-3,-6
3958066,1,-3,-10
3958076,3,-2,7
3958086,9,-3,3
3958096,15,-2,-14
3958106,9,-1,-20
3958116,-6,-9,14
3958126,-2,-5,0
3958136,-4,-8,11
3958146,0,-4,-6
3958156,0,-3,6
3958166,-3,-5,4
3958176,-2,-4,-18
3958186,32,4,30
3958196,-3,-10,-15
3958206,4,-5,8
3958216,-1,-4,11
3958226,5,-3,-7
3958236,0,-4,7
3958246,2,-3,0
3958256,-3,-10,8
3958326,19,0,20
3958336,8,-2,-5
3958346,9,-2,0
3958356,-5,-7,5
3958366,0,-5,0
3958376,-7,-5,3
3958386,4,-3,0
3958396,-5,-4,2
3958406,18,-4,14
3958416,-3,-4,-19
3958426,11,0,-31
3958436,-4,-6,31
3958446,4,-3,-13
3958456,1,-6,6
3958466,4,-2,-3
3958476,-18,-13,20
3958486,4,2,-21
3958496,-2,-6,18
3958506,22,3,-25
3958516,-13,-12,21
3958526,-2,-5,-2
3958536,-8,-9,13
3958546,8,-2,-7
3958556,3,-1,10
3958566,-1,-4,-7
3958576,0,-1,-11
3958586,-2,-7,13
3958596,2,-4,-7
3958606,1,-4,3
3958616,1,-2,1
3958626,-1,-3,5
3958636,0,-3,-3
3958646,1,-4,4
3958656,2,-2,1
3958666,-1,-3,2
3958676,0,-4,0
3958686,-2,-6,0
3958696,2,-4,1
3958706,2,-2,4
3958716,0,-2,3
3958726,0,-4,2
3958736,0,-4,0
3958746,0,-4,3
3958756,3,-5,2
3958766,0,-2,1
3958776,1,-5,0
3958786,0,-6,3
3958796,0,-4,2
3958806,0,-4,5
3958816,0,-5,3
3958826,0,-4,0
3958836,0,-5,1
3958846,0,-4,2
3958856,2,-3,5
3958866,0,-4,1
3958876,2,-3,2
3958886,2,-3,0
3958896,0,-4,1
3958906,0,-3,3
3958916,-1,-3,3
3958926,1,-4,2
3958936,0,-5,0
3958946,1,-4,0
3958956,1,-5,2
3958966,-1,-5,1
3958976,0,-4,2
3958986,2,-3,0
3958996,1,-2,5
3959006,2,-4,1
3959016,1,-6,4
3959026,1,-4,1
3959036,0,-2,1
3959046,0,-4,0
3959056,3,-2,2
3959066,0,-3,2
3959076,-1,-4,1
3959086,0,-5,2
3959096,0,-6,1
3959106,0,-5,4
3959116,1,-4,0
3959126,1,-4,2
3959136,0,-4,1
3959146,1,-4,2
3959156,0,-4,3
3959226,0,-3,2
3959236,0,-3,0
3959246,3,-4,2
3959256,0,-4,1
3959266,-1,-3,2
3959276,0,-2,2
3959286,0,-2,1
3959296,3,-4,0
3959306,0,-3,4
3959316,0,-3,5
3959326,-1,-2,3
3959336,1,-4,0
3959346,0,-4,3
3959356,2,-2,0
3959366,0,-2,3
3959376,0,-4,0
3959386,1,-2,4
3959396,1,-5,1
3959406,0,-5,4
3959416,0,-3,3
3959426,0,-3,2
3959436,2,-5,4
3959446,1,-6,0
3959456,0,-3,0
3959466,0,-4,2
3959476,0,-3,3
3959486,0,-6,1
3959496,2,-4,0
3959506,-1,-6,0
3959516,2,-4,4
3959526,3,-2,10
3959536,34,2,-15
3959546,20,-3,9
3959556,20,0,-21
3959566,-8,-12,23
3959576,-1,-5,-7
3959586,-6,-7,12
3959596,7,0,-9
3959606,8,-6,10
3959616,6,0,-5
3959626,-20,-12,-5
3959636,-1,-2,-4
3959646,4,-3,21
3959656,7,0,0
3959666,3,-3,13
3959676,0,-7,-3
3959686,-6,-6,5
3959696,0,-4,4
3959706,1,-2,2
3959716,11,-3,3
3959726,0,-2,6
3959736,-7,-8,2
3959746,-2,-5,3
3959756,3,-4,2
3959766,3,-4,2
3959776,0,-3,2
3959786,-2,-5,4
3959796,0,-5,0
3959806,3,-2,3
3959816,1,-2,3
3959826,2,-4,3
3959836,-2,-4,1
3959846,-1,-3,1
3959856,1,-7,2
3959866,1,-4,4
3959876,2,-5,5
3959886,0,-4,3
3959896,0,-5,2
3959966,2,-2,4
3959976,0,-3,2
3959986,1,-6,2
3959996,1,-4,1
3960006,0,-3,0
3960016,2,-3,3
3960026,0,-2,2
3960036,0,-2,2
3960046,0,-4,1
3960056,2,-3,5
3960066,0,-2,3
3960076,0,-6,6
3960086,1,-3,4
3960096,0,-4,0
3960106,3,-5,1
3960116,-1,-5,2
3960126,0,-2,4
3960136,-1,-3,3
3960146,0,-5,3
3960156,0,-1,3
3960166,2,-4,5
3960176,0,-4,3
3960186,2,-4,4
3960196,1,-4,0
3960206,3,-4,2
3960216,0,-6,2
3960226,0,-4,3
3960236,-11,-8,10
3960246,-15,-3,1
3960256,26,5,6
3960266,-4,-8,0
3960276,17,3,-28
3960286,0,-7,38
3960296,5,-1,-23
3960306,-1,-4,9
3960316,-7,-6,0
3960326,0,-1,0
3960336,-9,-6,17
3960346,-2,-5,1
3960356,-5,-4,8
3960366,-1,-6,0
3960376,16,11,18
3960386,-2,-13,-13
3960396,-3,-4,22
3960406,8,1,-21
3960416,0,-2,6
3960426,3,-2,-6
3960436,-6,-7,25
3960446,20,4,-23
3960456,-10,-13,-2
3960466,-1,-3,-1
3960476,-12,-9,14
3960486,2,-2,6
3960496,2,-3,6
3960506,4,-2,-2
3960516,-4,-7,9
3960526,1,-5,2
3960536,2,-2,7
3960546,4,-1,-3
3960556,0,-5,0
3960566,-1,-5,0
3960576,-1,-7,4
3960586,3,-4,2
3960596,0,-2,3
3960606,1,-3,1
3960616,-2,-4,3
3960626,0,-6,3
3960636,0,-3,3
3960646,4,-5,0
3960656,0,-5,2
3960666,2,-2,3
3960676,0,-5,7
3960686,0,-2,3
3960696,2,-4,4
3960766,0,-5,2
3960776,0,-7,3
3960786,1,-3,4
3960796,2,-2,1
3960806,0,-5,3
3960816,0,-5,3
3960826,0,-3,3
3960836,1,-6,1
3960846,0,-1,0
3960856,0,-3,2
3960866,0,-6,5
3960876,0,-2,3
3960886,0,-4,2
3960896,1,-4,2
3960906,0,-3,1
3960916,0,-4,2
3960926,2,-5,4
3960936,1,-4,2
3960946,2,-3,3
3960956,0,-5,2
3960966,1,-4,1
3960976,0,-3,4
3960986,1,-5,2
3960996,2,-4,4
3961006,0,-3,0
3961016,0,-4,3
3961026,0,-4,2
3961036,0,-5,4
3961046,-7,-7,14
3961056,28,5,-16
3961066,-7,-13,38
3961076,44,6,-38
3961086,-19,-14,28
3961096,-5,-2,-30
3961106,-4,-6,43
3961116,-46,-30,-36
3961126,73,26,34
3961136,32,6,13
3961146,-23,-5,-40
3961156,-12,-9,63
3961166,15,2,-70
3961176,-4,-3,-4
3961186,19,4,-17
3961196,-26,-15,31
3961206,-8,-1,2
3961216,-4,-2,22
3961226,17,1,-17
3961236,-5,-6,20
3961246,2,-4,-5
3961256,-6,-8,11
3961326,4,-3,-2
3961336,0,-4,5
3961346,2,-3,2
3961356,-1,-6,3
3961366,0,-3,1
3961376,0,-4,5
3961386,3,-3,4
3961396,0,-5,0
3961406,1,-4,0
3961416,1,-4,2
3961426,0,-4,3
3961436,0,-3,4
3961446,0,-2,0
3961456,1,-3,1
3961466,0,-2,4
3961476,0,-3,2
3961486,2,-4,3
3961496,2,-3,-1
3961506,2,-3,-1
3961516,0,-4,0
3961526,2,-2,1
3961536,1,-5,1
3961546,0,-4,4
3961556,0,-5,2
3961566,1,-4,2
3961576,0,-3,1
3961586,2,-3,3
3961596,2,-4,2
3961606,3,-4,0
3961616,-1,-6,5
3961626,-1,-4,4
3961636,0,-4,5
3961646,1,-2,1
3961656,2,-4,2
3961666,0,-2,2
3961676,0,-3,4
3961686,2,-6,3
3961696,2,-5,3
3961706,0,-2,1
3961716,1,-4,2
3961726,0,-3,5
3961736,0,-4,3
3961746,0,-3,3
3961756,1,-4,2
3961766,3,-2,2
3961776,1,-5,3
3961786,-1,-3,3
3961796,0,-4,3
3961806,-1,-6,0
3961816,2,-4,4
3961826,2,-5,3
3961836,2,-4,4
3961846,1,-3,2
3961856,1,-2,0
3961866,0,-3,2
3961876,0,-3,3
3961886,-1,-4,5
3961896,0,-3,3
3961966,2,-3,2
3961976,0,-4,3
3961986,1,-6,2
3961996,0,-6,4
3962006,2,-3,2
3962016,0,-5,2
3962026,0,-2,2
3962036,-1,-2,2
3962046,0,-7,0
3962056,0,-5,1
3962066,-1,-3,3
3962076,0,-3,3
3962086,1,-3,3
3962096,0,-5,0
3962106,0,-2,1
3962116,1,-5,2
3962126,2,-4,1
3962136,1,-3,5
3962146,0,-5,3
3962156,3,-3,1
3962166,0,-3,3
3962176,1,-3,1
3962186,0,-3,3
3962196,0,-4,4
3962206,1,-4,1
3962216,-1,-7,4
3962226,1,-3,2
3962236,1,-4,4
3962246,1,-2,3
3962256,1,-3,0
3962266,2,-4,2
3962276,0,-5,3
3962286,3,-4,1
3962296,3,-4,3
3962306,0,-4,-1
3962316,-1,-3,1
3962326,-2,-2,6
3962336,2,-6,2
3962346,0,-3,3
3962356,2,-3,0
3962366,0,-5,3
3962376,1,-3,4
3962386,0,-2,4
3962396,0,-5,3
3962406,2,-5,1
3962416,0,-3,4
3962426,2,-3,4
3962436,3,-5,4
3962446,1,-4,3
3962456,-1,-4,2
3962466,3,-4,0
3962476,0,-3,5
3962486,1,-4,2
3962496,0,-5,3
3962506,0,-3,0
3962516,1,-4,4
3962526,2,-1,3
3962536,-1,-3,4
3962546,0,-5,1
3962556,0,-4,2
3962566,0,-3,3
3962576,2,-3,1
3962586,0,-5,2
3962596,0,-3,0
3962606,1,-4,-1
3962616,0,-2,3
3962626,0,-5,4
3962636,2,-5,1
3962646,0,-5,2
3962656,0,-2,3
3962666,0,-5,1
3962676,0,-4,4
3962686,0,-4,4
3962696,1,-6,4
3962706,2,-4,4
3962716,0,-5,2
3962726,1,-3,4
3962736,2,-3,3
3962806,0,-6,1
3962816,1,-5,1
3962826,0,-3,3
3962836,2,-6,4
3962846,2,-4,2
3962856,1,-5,2
